{

"Domino's Pizza":[-112.0734183,33.4795416],
"Viad Tower Restaurants":[-112.074315,33.468988],
"Palazzo":[-112.074225,33.456068],
"Phoenix Produce Company":[-112.0737871,33.4424729],
"Hooters":[-112.0691194 , 33.4526031],
"St Mary's Church" :[-112.1099872,33.4506843]}  

